{"_class":"page","do_objectID":"B1E54470-EED5-4D59-AE3D-8C5F6E53BC20","exportOptions":{"_class":"exportOptions","exportFormats":[],"includedLayerIds":[],"layerOptions":0,"shouldTrim":false},"frame":{"_class":"rect","constrainProportions":false,"height":300,"width":300,"x":0,"y":0},"isFlippedHorizontal":false,"isFlippedVertical":false,"isLocked":false,"isVisible":true,"layerListExpandedType":0,"name":"Page 1","nameIsFixed":false,"resizingConstraint":63,"resizingType":0,"rotation":0,"shouldBreakMaskChain":false,"style":{"_class":"style","endDecorationType":0,"miterLimit":10,"startDecorationType":0},"hasClickThrough":true,"layers":[{"_class":"artboard","do_objectID":"61CAE260-08D3-4606-8C80-C0DB1CDA184A","exportOptions":{"_class":"exportOptions","exportFormats":[{"_class":"exportFormat","absoluteSize":0,"fileFormat":"png","name":"","namingScheme":0,"scale":1,"visibleScaleType":0},{"_class":"exportFormat","absoluteSize":0,"fileFormat":"png","name":"@2x","namingScheme":0,"scale":2,"visibleScaleType":0},{"_class":"exportFormat","absoluteSize":0,"fileFormat":"png","name":"@3x","namingScheme":0,"scale":3,"visibleScaleType":0}],"includedLayerIds":[],"layerOptions":0,"shouldTrim":false},"frame":{"_class":"rect","constrainProportions":false,"height":120,"width":120,"x":200,"y":162},"isFlippedHorizontal":false,"isFlippedVertical":false,"isLocked":false,"isVisible":true,"layerListExpandedType":1,"name":"avatar-dark","nameIsFixed":true,"resizingConstraint":63,"resizingType":0,"rotation":0,"shouldBreakMaskChain":true,"style":{"_class":"style","endDecorationType":0,"miterLimit":10,"startDecorationType":0},"hasClickThrough":false,"layers":[{"_class":"shapeGroup","do_objectID":"AFC38615-757F-4057-B62D-2FF9EAFA822A","exportOptions":{"_class":"exportOptions","do_objectID":"9DBBA957-6471-486F-8E56-076943A4158B","exportFormats":[],"includedLayerIds":[],"layerOptions":0,"shouldTrim":false},"frame":{"_class":"rect","do_objectID":"A6914C35-6BB8-45D7-81D3-95BA04874F31","constrainProportions":true,"height":40,"width":40,"x":40,"y":40},"isFlippedHorizontal":false,"isFlippedVertical":false,"isLocked":false,"isVisible":true,"layerListExpandedType":1,"name":"neuelabs","nameIsFixed":true,"resizingConstraint":63,"resizingType":0,"rotation":0,"shouldBreakMaskChain":false,"style":{"_class":"style","do_objectID":"6137EEE6-A3ED-41F7-9583-E6B35EF93E03","blur":{"_class":"blur","do_objectID":"3FE0ECB7-74C2-4909-9641-4B473D82F55F","isEnabled":false,"center":"{0.5, 0.5}","motionAngle":0,"radius":20,"type":0},"endDecorationType":0,"fills":[{"_class":"fill","isEnabled":true,"color":{"_class":"color","alpha":1,"blue":1,"green":1,"red":1},"fillType":0,"noiseIndex":0,"noiseIntensity":0,"patternFillType":1,"patternTileScale":1}],"miterLimit":10,"startDecorationType":0},"hasClickThrough":false,"layers":[{"_class":"oval","do_objectID":"9046C7A4-0912-4D9F-AAE1-A80C545F4675","exportOptions":{"_class":"exportOptions","do_objectID":"AFBAE1D1-BDDF-414A-8713-E659D7EDCF1E","exportFormats":[],"includedLayerIds":[],"layerOptions":0,"shouldTrim":false},"frame":{"_class":"rect","do_objectID":"82E04F1D-44EF-4B9D-9512-525922E4AC13","constrainProportions":false,"height":40,"width":40,"x":0,"y":0},"isFlippedHorizontal":false,"isFlippedVertical":false,"isLocked":false,"isVisible":true,"layerListExpandedType":0,"name":"Oval 2","nameIsFixed":false,"resizingConstraint":63,"resizingType":0,"rotation":0,"shouldBreakMaskChain":false,"booleanOperation":1,"edited":false,"isClosed":true,"pointRadiusBehaviour":1,"points":[{"_class":"curvePoint","cornerRadius":0,"curveFrom":"{0.77614237490000004, 1}","curveMode":2,"curveTo":"{0.22385762510000001, 1}","hasCurveFrom":true,"hasCurveTo":true,"point":"{0.5, 1}"},{"_class":"curvePoint","cornerRadius":0,"curveFrom":"{1, 0.22385762510000001}","curveMode":2,"curveTo":"{1, 0.77614237490000004}","hasCurveFrom":true,"hasCurveTo":true,"point":"{1, 0.5}"},{"_class":"curvePoint","cornerRadius":0,"curveFrom":"{0.22385762510000001, 0}","curveMode":2,"curveTo":"{0.77614237490000004, 0}","hasCurveFrom":true,"hasCurveTo":true,"point":"{0.5, 0}"},{"_class":"curvePoint","cornerRadius":0,"curveFrom":"{0, 0.77614237490000004}","curveMode":2,"curveTo":"{0, 0.22385762510000001}","hasCurveFrom":true,"hasCurveTo":true,"point":"{0, 0.5}"}]},{"_class":"oval","do_objectID":"448AB4C4-0DEC-4544-8601-03C7D078AD91","exportOptions":{"_class":"exportOptions","do_objectID":"6A1A3548-A9A2-4C50-82DE-A90496719B7D","exportFormats":[],"includedLayerIds":[],"layerOptions":0,"shouldTrim":false},"frame":{"_class":"rect","do_objectID":"9C36D9ED-1471-4DB2-89C8-9818254BDFD5","constrainProportions":false,"height":32,"width":32,"x":4,"y":4},"isFlippedHorizontal":false,"isFlippedVertical":false,"isLocked":false,"isVisible":true,"layerListExpandedType":0,"name":"Oval 2","nameIsFixed":false,"resizingConstraint":63,"resizingType":0,"rotation":0,"shouldBreakMaskChain":false,"booleanOperation":1,"edited":false,"isClosed":true,"pointRadiusBehaviour":1,"points":[{"_class":"curvePoint","cornerRadius":0,"curveFrom":"{0.77614237490000004, 1}","curveMode":2,"curveTo":"{0.22385762510000001, 1}","hasCurveFrom":true,"hasCurveTo":true,"point":"{0.5, 1}"},{"_class":"curvePoint","cornerRadius":0,"curveFrom":"{1, 0.22385762510000001}","curveMode":2,"curveTo":"{1, 0.77614237490000004}","hasCurveFrom":true,"hasCurveTo":true,"point":"{1, 0.5}"},{"_class":"curvePoint","cornerRadius":0,"curveFrom":"{0.22385762510000001, 0}","curveMode":2,"curveTo":"{0.77614237490000004, 0}","hasCurveFrom":true,"hasCurveTo":true,"point":"{0.5, 0}"},{"_class":"curvePoint","cornerRadius":0,"curveFrom":"{0, 0.77614237490000004}","curveMode":2,"curveTo":"{0, 0.22385762510000001}","hasCurveFrom":true,"hasCurveTo":true,"point":"{0, 0.5}"}]}],"clippingMaskMode":0,"hasClippingMask":false,"windingRule":1}],"backgroundColor":{"_class":"color","alpha":1,"blue":0,"green":0,"red":0},"hasBackgroundColor":true,"horizontalRulerData":{"_class":"rulerData","base":0,"guides":[]},"includeBackgroundColorInExport":true,"includeInCloudUpload":true,"isFlowHome":false,"resizesContent":false,"verticalRulerData":{"_class":"rulerData","base":0,"guides":[]}},{"_class":"artboard","do_objectID":"DA475085-6F03-42B9-9BF3-66E281E3CE35","exportOptions":{"_class":"exportOptions","do_objectID":"9E5C44DF-DBC6-4517-9A84-5E464F7FADF0","exportFormats":[{"_class":"exportFormat","absoluteSize":0,"fileFormat":"png","name":"","namingScheme":0,"scale":1,"visibleScaleType":0},{"_class":"exportFormat","absoluteSize":0,"fileFormat":"png","name":"@2x","namingScheme":0,"scale":2,"visibleScaleType":0},{"_class":"exportFormat","absoluteSize":0,"fileFormat":"png","name":"@3x","namingScheme":0,"scale":3,"visibleScaleType":0}],"includedLayerIds":[],"layerOptions":0,"shouldTrim":false},"frame":{"_class":"rect","do_objectID":"C5E2C55C-01F5-4E77-80F4-AC28C0A69371","constrainProportions":false,"height":120,"width":120,"x":420,"y":162},"isFlippedHorizontal":false,"isFlippedVertical":false,"isLocked":false,"isVisible":true,"layerListExpandedType":1,"name":"avatar-light","nameIsFixed":true,"resizingConstraint":63,"resizingType":0,"rotation":0,"shouldBreakMaskChain":true,"style":{"_class":"style","do_objectID":"48A3ACAC-E9FD-4840-94E8-C259CB38A491","endDecorationType":0,"miterLimit":10,"startDecorationType":0},"hasClickThrough":false,"layers":[{"_class":"shapeGroup","do_objectID":"F0ACCA51-619D-4E56-A784-E8A916F8F7F2","exportOptions":{"_class":"exportOptions","do_objectID":"02F37844-3304-47F4-B299-39177A536275","exportFormats":[],"includedLayerIds":[],"layerOptions":0,"shouldTrim":false},"frame":{"_class":"rect","do_objectID":"7D73BF64-E632-4A39-A89C-E44F05BDFA3C","constrainProportions":true,"height":40,"width":40,"x":40,"y":40},"isFlippedHorizontal":false,"isFlippedVertical":false,"isLocked":false,"isVisible":true,"layerListExpandedType":1,"name":"neuelabs","nameIsFixed":true,"resizingConstraint":63,"resizingType":0,"rotation":0,"shouldBreakMaskChain":false,"style":{"_class":"style","do_objectID":"4B2A75CA-A526-42BA-BF65-1B4E1D53891B","blur":{"_class":"blur","do_objectID":"F13A3D00-C084-464F-8FBE-6586378B149D","isEnabled":false,"center":"{0.5, 0.5}","motionAngle":0,"radius":20,"type":0},"endDecorationType":0,"fills":[{"_class":"fill","isEnabled":true,"color":{"_class":"color","alpha":1,"blue":0,"green":0,"red":0},"fillType":0,"noiseIndex":0,"noiseIntensity":0,"patternFillType":1,"patternTileScale":1}],"miterLimit":10,"startDecorationType":0},"hasClickThrough":false,"layers":[{"_class":"oval","do_objectID":"A4F2E448-C5D7-4E8A-95B2-89FAE5B6826A","exportOptions":{"_class":"exportOptions","do_objectID":"535DD9BF-6DC8-4A3E-9B30-E4E3A2412D99","exportFormats":[],"includedLayerIds":[],"layerOptions":0,"shouldTrim":false},"frame":{"_class":"rect","do_objectID":"043319FE-9011-4279-BFDC-C54240EADC3B","constrainProportions":false,"height":40,"width":40,"x":0,"y":0},"isFlippedHorizontal":false,"isFlippedVertical":false,"isLocked":false,"isVisible":true,"layerListExpandedType":0,"name":"Oval 2","nameIsFixed":false,"resizingConstraint":63,"resizingType":0,"rotation":0,"shouldBreakMaskChain":false,"booleanOperation":1,"edited":false,"isClosed":true,"pointRadiusBehaviour":1,"points":[{"_class":"curvePoint","cornerRadius":0,"curveFrom":"{0.77614237490000004, 1}","curveMode":2,"curveTo":"{0.22385762510000001, 1}","hasCurveFrom":true,"hasCurveTo":true,"point":"{0.5, 1}"},{"_class":"curvePoint","cornerRadius":0,"curveFrom":"{1, 0.22385762510000001}","curveMode":2,"curveTo":"{1, 0.77614237490000004}","hasCurveFrom":true,"hasCurveTo":true,"point":"{1, 0.5}"},{"_class":"curvePoint","cornerRadius":0,"curveFrom":"{0.22385762510000001, 0}","curveMode":2,"curveTo":"{0.77614237490000004, 0}","hasCurveFrom":true,"hasCurveTo":true,"point":"{0.5, 0}"},{"_class":"curvePoint","cornerRadius":0,"curveFrom":"{0, 0.77614237490000004}","curveMode":2,"curveTo":"{0, 0.22385762510000001}","hasCurveFrom":true,"hasCurveTo":true,"point":"{0, 0.5}"}]},{"_class":"oval","do_objectID":"255C3719-0F81-4D92-BFF4-0042ACB7A890","exportOptions":{"_class":"exportOptions","do_objectID":"FD18A3BE-86B2-403C-94E2-C959B33981AF","exportFormats":[],"includedLayerIds":[],"layerOptions":0,"shouldTrim":false},"frame":{"_class":"rect","do_objectID":"126B0180-4486-4DD7-BBA6-9D2F44924A57","constrainProportions":false,"height":32,"width":32,"x":4,"y":4},"isFlippedHorizontal":false,"isFlippedVertical":false,"isLocked":false,"isVisible":true,"layerListExpandedType":0,"name":"Oval 2","nameIsFixed":false,"resizingConstraint":63,"resizingType":0,"rotation":0,"shouldBreakMaskChain":false,"booleanOperation":1,"edited":false,"isClosed":true,"pointRadiusBehaviour":1,"points":[{"_class":"curvePoint","cornerRadius":0,"curveFrom":"{0.77614237490000004, 1}","curveMode":2,"curveTo":"{0.22385762510000001, 1}","hasCurveFrom":true,"hasCurveTo":true,"point":"{0.5, 1}"},{"_class":"curvePoint","cornerRadius":0,"curveFrom":"{1, 0.22385762510000001}","curveMode":2,"curveTo":"{1, 0.77614237490000004}","hasCurveFrom":true,"hasCurveTo":true,"point":"{1, 0.5}"},{"_class":"curvePoint","cornerRadius":0,"curveFrom":"{0.22385762510000001, 0}","curveMode":2,"curveTo":"{0.77614237490000004, 0}","hasCurveFrom":true,"hasCurveTo":true,"point":"{0.5, 0}"},{"_class":"curvePoint","cornerRadius":0,"curveFrom":"{0, 0.77614237490000004}","curveMode":2,"curveTo":"{0, 0.22385762510000001}","hasCurveFrom":true,"hasCurveTo":true,"point":"{0, 0.5}"}]}],"clippingMaskMode":0,"hasClippingMask":false,"windingRule":1}],"backgroundColor":{"_class":"color","alpha":1,"blue":1,"green":1,"red":1},"hasBackgroundColor":true,"horizontalRulerData":{"_class":"rulerData","do_objectID":"1E2B015E-A1A3-445B-BF8B-059BCDA5AD7A","base":0,"guides":[]},"includeBackgroundColorInExport":true,"includeInCloudUpload":true,"isFlowHome":false,"resizesContent":false,"verticalRulerData":{"_class":"rulerData","do_objectID":"277F434E-8CC7-430D-AA32-FD88ECE34FAD","base":0,"guides":[]}}],"horizontalRulerData":{"_class":"rulerData","base":0,"guides":[]},"includeInCloudUpload":true,"verticalRulerData":{"_class":"rulerData","base":0,"guides":[]}}